No,T,P,phiV,T0_in,Reactor,CO2_in,CO_in,H2_in,N2_in,CO2_out,CO_out,H2_out,MeOH_out,H2O_out,N2_out,tet0,gamma,Density,d,L,phiVout,T0_out
1,230,30,240,20,1,13.24,0.005,71.46,15.29,10.94,1.43,68.44,0.99,2.52,15.68,3.899,0.976614403401541,1097.22222222222,0,0,0,20
2,240,30,240,20,1,13.24,0.005,71.46,15.29,10.53,1.71,68.01,1.1,2.9,15.75,3.949,0.973252118644068,1097.22222222222,0,0,0,20
3,250,30,240,20,1,13.24,0.005,71.46,15.29,10.31,2.01,67.84,1.08,3.07,15.69,3.985,0.97531847133758,1097.22222222222,0,0,0,20
4,260,30,240,20,1,13.24,0.005,71.46,15.29,10.19,2.33,67.46,0.95,3.34,15.73,4.281,0.980522945570971,1097.22222222222,0,0,0,20
5,230,40,240,20,1,13.24,0.005,71.46,15.29,10.75,1.36,67.89,1.34,2.79,15.87,4.067,0.969912905779889,1097.22222222222,0,0,0,20
6,240,40,240,20,1,13.24,0.005,71.46,15.29,10.42,1.58,67.36,1.56,3.22,15.86,4.115,0.967105263157895,1097.22222222222,0,0,0,20
7,250,40,240,20,1,13.24,0.005,71.46,15.29,10.18,1.82,66.89,1.62,3.49,16,4.16,0.967105263157895,1097.22222222222,0,0,0,20
8,260,40,240,20,1,13.24,0.005,71.46,15.29,10.04,2.11,66.81,1.49,3.65,15.9,4.232,0.970937912813738,1097.22222222222,0,0,0,20
9,230,50,240,20,1,13.24,0.005,71.47,15.28,10.73,1.31,67.53,1.66,2.87,15.9,4.451,0.968124341412013,1097.22222222222,0,0,0,20
10,240,50,240,20,1,13.24,0.005,71.47,15.28,10.35,1.46,66.9,2.02,3.22,16.05,4.38,0.96229379418696,1097.22222222222,0,0,0,20
11,250,50,240,20,1,13.24,0.005,71.47,15.28,10.05,1.66,66.51,2.16,3.62,16,3.33,0.959780621572212,1097.22222222222,0,0,0,20
12,250,50,240,20,1,13.24,0.005,71.47,15.28,10.06,1.66,65.91,2.17,4.3,15.9,5.13,0.960031347962382,1097.22222222222,0,0,0,20
13,260,50,240,20,1,13.24,0.005,71.47,15.28,9.91,1.91,66.19,2.09,3.83,16.07,4.32,0.962545835515977,1097.22222222222,0,0,0,20
14,230,60,240,20,1,13.24,0.005,71.47,15.28,10.61,1.25,67.07,2.02,3.19,15.86,4.87,0.963555322496067,1097.22222222222,0,0,0,20
15,240,60,240,20,1,13.24,0.005,71.47,15.28,10.22,1.36,66.32,2.43,3.51,16.16,4.94,0.956533055700156,1097.22222222222,0,0,0,20
16,250,60,240,20,1,13.24,0.005,71.47,15.28,10.03,1.53,66.01,2.6,3.57,16.26,5.02,0.956035379812695,1097.22222222222,0,0,0,20
17,260,60,240,20,1,13.24,0.005,71.47,15.28,9.74,1.73,65.7,2.61,4.07,16.15,5.07,0.953802232026992,1097.22222222222,0,0,0,20
18,230,30,246,20,1,7.75,0.005,76.69,15.55,5.86,1.01,74.12,0.95,2,16.06,7.28,0.979364711337816,1097.22222222222,0,0,0,20
19,240,30,246,20,1,7.75,0.005,76.69,15.55,5.64,1.2,73.87,1.04,2.18,16.07,7.22,0.978683966635774,1097.22222222222,0,0,0,20
20,250,30,246,20,1,7.75,0.005,76.69,15.55,5.48,1.41,73.64,0.99,2.4,16.08,7.17,0.97981906750174,1097.22222222222,0,0,0,20
21,260,30,246,20,1,7.75,0.005,76.69,15.55,5.39,1.66,73.82,0.85,2.5,15.78,7.112,0.983469150174622,1097.22222222222,0,0,0,20
22,230,40,246,20,1,7.75,0.005,76.69,15.55,5.68,0.94,73.75,1.25,2.21,16.17,7.421,0.97372060857538,1097.22222222222,0,0,0,20
23,240,40,246,20,1,7.75,0.005,76.69,15.55,5.48,1.08,73.25,1.43,2.56,16.2,7.867,0.972375690607735,1097.22222222222,0,0,0,20
24,250,40,246,20,1,7.75,0.005,76.69,15.55,5.32,1.25,73.09,1.45,2.72,16.17,7.906,0.972599585539949,1097.22222222222,0,0,0,20
25,230,50,246,20,1,7.77,0.005,76.56,15.66,5.55,0.87,73.29,1.58,2.49,16.22,8.232,0.968793024323084,1097.22222222222,0,0,0,20
26,240,50,246,20,1,7.77,0.005,76.56,15.66,5.26,0.96,72.88,1.84,2.8,16.26,8.131,0.964367291000457,1097.22222222222,0,0,0,20
27,250,50,246,20,1,7.77,0.005,76.56,15.66,5.07,1.09,72.63,1.9,2.99,16.32,8.093,0.963047445255474,1097.22222222222,0,0,0,20
28,260,50,246,20,1,7.77,0.005,76.56,15.66,4.99,1.29,72.73,1.78,3.06,16.15,7.979,0.965690759377859,1097.22222222222,0,0,0,20
29,230,60,246,20,1,7.77,0.005,76.56,15.66,5.38,0.8,72.98,1.89,2.78,16.17,8.199,0.963486992240986,1097.22222222222,0,0,0,20
30,240,60,246,20,1,7.77,0.005,76.56,15.66,5.06,0.86,72.47,2.23,3.09,16.29,8.165,0.957803992740472,1097.22222222222,0,0,0,20
31,250,60,246,20,1,7.77,0.005,76.56,15.66,4.85,0.96,72.26,2.34,3.25,16.34,8.05,0.955419778230369,1097.22222222222,0,0,0,20
32,260,60,246,20,1,7.77,0.005,76.56,15.66,4.79,1.13,72.2,2.25,3.36,16.27,8.012,0.957803992740472,1097.22222222222,0,0,0,20
33,230,30,237,20,1,5.69,8.22,69.61,16.48,5.46,5.42,66.43,4.14,0.79,17.76,0.31,0.922546012269939,1097.22222222222,0,0,0,20
34,230,30,237,20,1,5.78,8.26,69.37,16.59,5.56,5.53,66.32,4.02,0.73,17.84,1.558,0.924184014392187,1097.22222222222,0,0,0,20
35,240,30,237,20,1,5.69,8.22,69.61,16.48,5.44,5.6,67.08,3.92,0.81,17.15,0.174,0.926334702258727,1097.22222222222,0,0,0,20
36,250,30,237,20,1,5.69,8.22,69.61,16.48,5.36,6,66.97,3.38,0.79,17.5,0.261,0.934006211180124,1097.22222222222,0,0,0,20
37,230,40,237,20,1,5.69,8.22,69.61,16.48,5.45,4.44,65.24,5.58,0.97,18.32,0.885,0.899775617053104,1097.22222222222,0,0,0,20
38,240,40,237,20,1,5.69,8.22,69.61,16.48,5.51,4.58,65.2,5.43,0.99,18.29,0.943,0.904284640440992,1097.22222222222,0,0,0,20
39,250,40,237,20,1,5.69,8.22,69.61,16.48,5.46,5.02,65.44,4.88,0.99,18.21,0.993,0.913208502024291,1097.22222222222,0,0,0,20
40,230,50,237,20,1,5.8,8.32,69.37,16.51,5.44,3.65,64.18,6.86,1.2,18.67,1.062,0.877047176729406,1097.22222222222,0,0,0,20
41,240,50,237,20,1,5.8,8.32,69.37,16.51,5.43,3.74,64.18,6.75,1.2,18.7,1.108,0.878765613519471,1097.22222222222,0,0,0,20
42,250,50,237,20,1,5.8,8.32,69.37,16.51,5.45,4.14,64.45,6.24,1.2,18.52,1.153,0.887899034892353,1097.22222222222,0,0,0,20
43,230,60,237,20,1,5.8,8.32,69.37,16.51,5.46,3.07,63.32,7.8,1.3,19.05,1.344,0.865203761755486,1097.22222222222,0,0,0,20
44,240,60,237,20,1,5.8,8.32,69.37,16.51,5.41,3.1,63.13,7.83,1.43,19.1,1.286,0.864786695589299,1097.22222222222,0,0,0,20
45,250,60,237,20,1,5.8,8.32,69.37,16.51,5.38,3.43,63.53,7.4,1.42,18.84,1.199,0.871085214857975,1097.22222222222,0,0,0,20
46,260,30,240,20,1,3.16,11.59,69.48,15.77,3.18,8.97,67.1,3.47,0.23,17.05,24.966,0.931307793923382,1097.22222222222,0,0,0,20
47,250,30,240,20,1,3.16,11.59,69.48,15.77,3.17,8.52,66.72,4.11,0.26,17.22,25.113,0.920125293657009,1097.22222222222,0,0,0,20
48,240,30,240,20,1,3.16,11.59,69.48,15.77,3.18,8.23,66.46,4.53,0.26,17.34,25.252,0.913449080072558,1097.22222222222,0,0,0,20
49,230,30,240,20,1,3.16,11.59,69.48,15.77,3.19,8.2,66.44,4.57,0.26,17.34,25.406,0.912975912975913,1097.22222222222,0,0,0,20
50,240,30,240,20,1,3.16,11.59,69.48,15.77,3.19,8.23,66.46,4.52,0.26,17.34,25.59,0.913685847589425,1097.22222222222,0,0,0,20
51,250,30,240,20,1,3.16,11.59,69.48,15.77,3.2,8.54,66.62,4.11,0.28,17.25,25.73,0.921327757449033,1097.22222222222,0,0,0,20
52,260,30,240,20,1,3.16,11.59,69.48,15.77,3.2,9.03,66.94,3.5,0.23,17.1,25.883,0.933280381254964,1097.22222222222,0,0,0,20
53,230,40,240,20,1,3.16,11.59,69.48,15.77,3.23,7.2,65.15,6.23,0.33,17.86,24.359,0.890826383623957,1097.22222222222,0,0,0,20
54,240,40,240,20,1,3.16,11.59,69.48,15.77,3.25,7.09,65.16,6.3,0.32,17.88,24.527,0.888804841149773,1097.22222222222,0,0,0,20
55,250,40,240,20,1,3.16,11.59,69.48,15.77,3.24,7.32,65.46,5.87,0.32,17.79,24.666,0.893762677484787,1097.22222222222,0,0,0,20
56,260,40,240,20,1,3.16,11.59,69.48,15.77,3.23,7.78,65.97,5.16,0.31,17.55,24.826,0.904077968709926,1097.22222222222,0,0,0,20
57,260,50,240,20,1,3.16,11.59,69.48,15.77,3.23,6.71,64.75,6.75,0.37,18.19,23.885,0.879930104842736,1097.22222222222,0,0,0,20
58,250,50,240,20,1,3.16,11.59,69.48,15.77,3.27,6.25,64.2,7.56,0.38,18.34,24.017,0.870800395256917,1097.22222222222,0,0,0,20
59,240,50,240,20,1,3.16,11.59,69.48,15.77,3.25,6.01,63.94,7.95,0.39,18.46,24.157,0.865243004418262,1097.22222222222,0,0,0,20
60,230,50,240,20,1,3.16,11.59,69.48,15.77,3.24,6.16,64.07,7.76,0.39,18.38,24.31,0.868226600985222,1097.22222222222,0,0,0,20
61,230,60,240,20,1,3.16,11.59,69.48,15.77,3.22,5.16,63.2,9.19,0.45,18.78,23.299,0.846948582412302,1097.22222222222,0,0,0,20
62,240,60,240,20,1,3.16,11.59,69.48,15.77,3.23,5.04,63.07,9.36,0.47,18.83,23.446,0.844716031631919,1097.22222222222,0,0,0,20
63,250,60,240,20,1,3.16,11.59,69.48,15.77,3.26,5.27,63.3,8.98,0.46,18.73,23.585,0.850012056908609,1097.22222222222,0,0,0,20
64,258,60,240,20,1,3.16,11.59,69.48,15.77,3.27,5.66,63.74,8.4,0.45,18.48,23.697,0.858290723155588,1097.22222222222,0,0,0,20
65,230,30,240,20,1,2.56,20.82,60.59,16.03,2.79,17.54,55.44,5.88,0.2,18.15,5.898,0.897202561509943,1097.22222222222,0,0,0,20
66,240,30,240,20,1,2.56,20.82,60.59,16.03,2.85,17.45,55.72,5.72,0.16,18.1,5.539,0.896296296296296,1097.22222222222,0,0,0,20
67,260,30,240,20,1,2.56,20.82,60.59,16.03,2.89,17.94,56.87,4.48,0.16,17.66,6.111,0.91258141926637,1097.22222222222,0,0,0,20
68,230,40,240,20,1,2.56,20.82,60.59,16.03,2.94,16.19,53.49,8.22,0.27,18.89,5.945,0.862325882734046,1097.22222222222,0,0,0,20
69,240,40,240,20,1,2.56,20.82,60.59,16.03,3,16.06,53.45,8.35,0.21,18.93,5.988,0.860374919198449,1097.22222222222,0,0,0,20
70,250,40,240,20,1,2.56,20.82,60.59,16.03,3.02,16.2,54.03,7.77,0.21,18.77,6.031,0.864847303443795,1097.22222222222,0,0,0,20
71,260,40,240,20,1,2.56,20.82,60.59,16.03,3.07,16.61,54.91,6.8,0.2,18.41,6.067,0.877968337730871,1097.22222222222,0,0,0,20
72,230,50,240,20,1,2.56,20.82,60.59,16.03,3.06,14.84,52.05,10.45,0.21,19.39,6.261,0.829283489096573,1097.22222222222,0,0,0,20
73,240,50,240,20,1,2.56,20.82,60.59,16.03,3.1,14.61,51.75,10.75,0.24,19.55,6.215,0.824403840198204,1097.22222222222,0,0,0,20
74,250,50,240,20,1,2.56,20.82,60.59,16.03,3.19,14.78,52.11,10.25,0.24,19.43,6.179,0.831095847642835,1097.22222222222,0,0,0,20
75,250,50,240,20,1,2.56,20.82,60.59,16.03,3.19,14.78,52.11,10.25,0.24,19.43,6.144,0.831095847642835,1097.22222222222,0,0,0,20
76,230,60,240,20,1,2.56,20.82,60.59,16.03,3.15,13.64,50.32,12.55,0.23,20.11,6.317,0.801565793435712,1097.22222222222,0,0,0,20
77,240,60,240,20,1,2.56,20.82,60.59,16.03,3.22,13.28,49.98,13.01,0.26,20.25,6.374,0.794626865671642,1097.22222222222,0,0,0,20
78,250,60,240,20,1,2.56,20.82,60.59,16.03,3.26,13.35,50.8,12.3,0.22,20.07,6.429,0.797244684037137,1097.22222222222,0,0,0,20
79,260,60,240,20,1,2.56,20.82,60.59,16.03,3.31,13.77,51.78,11.23,0.23,19.68,6.903,0.808626974483597,1097.22222222222,0,0,0,20
80,230,30,244,20,1,0.005,20.18,64.24,15.57,0.0067,19.83,63.89,0.47,0.01,15.7933,16.108,0.988287090603482,1097.22222222222,0,0,0,20
81,240,30,244,20,1,0.005,20.18,64.24,15.57,0.0165999834000166,19.5999804000196,63.6799363200637,0.78999921000079,9.99999000001e-05,15.9133840866159,16.297,0.981127852709045,1097.22222222222,0,0,0,20
82,250,30,244,20,1,0.005,20.18,64.24,15.57,0.0373999626000374,19.2699807300193,63.3199366800633,1.27999872000128,9.99999000001e-05,16.0925839074161,16.436,0.971243882890338,1097.22222222222,0,0,0,20
83,260,30,244,20,1,0.005,20.18,64.24,15.57,0.0809,18.87,62.91,1.87,0.01,16.2591,16.608,0.960092240998934,1097.22222222222,0,0,0,20
84,230,40,244,20,1,0.005,20.18,64.24,15.57,0.0066999933000067,19.7499802500197,63.8599361400639,0.61999938000062,9.99999000001e-05,15.7632842367158,15.808,0.9856728597739,1097.22222222222,0,0,0,20
85,240,40,244,20,1,0.005,20.18,64.24,15.57,0.0168999831000169,19.4999805000195,63.5099364900635,1.02999897000103,9.99999000001e-05,15.9430840569159,15.341,0.977918912446569,1097.22222222222,0,0,0,20
86,250,40,244,20,1,0.005,20.18,64.24,15.57,0.037999962000038,19.0799809200191,63.009936990063,1.6999983000017,9.99999000001e-05,16.1719838280162,15.145,0.96528722233016,1097.22222222222,0,0,0,20
87,260,40,244,20,1,0.005,20.18,64.24,15.57,0.0758999241000759,18.5699814300186,62.3299376700623,2.52999747000253,9.99999000001e-05,16.4940835059165,14.95,0.950752852099088,1097.22222222222,0,0,0,20
88,260,50,244,20,1,0.005,20.18,64.24,15.57,0.08,18.28,61.59,3.32,0.04,16.69,12.93,0.942161820480405,1097.22222222222,0,0,0,20
89,250,50,244,20,1,0.005,20.18,64.24,15.57,0.0374,18.96,62.33,2.21,0.01,16.4526,12.993,0.961532258584764,1097.22222222222,0,0,0,20
90,240,50,244,20,1,0.005,20.18,64.24,15.57,0.0160999839000161,19.4899805100195,63.049936950063,1.34999865000135,9.99999000001e-05,16.0938839061161,13.063,0.977572563693066,1097.22222222222,0,0,0,20
91,230,50,244,20,1,0.005,20.18,64.24,15.57,0.0068,19.8,63.39,0.8,0.01,15.9932,13.147,0.987308400567015,1097.22222222222,0,0,0,20
92,240,50,244,20,1,0.005,20.18,64.24,15.57,0.0162999837000163,19.4699805300195,63.049936950063,1.32999867000133,9.99999000001e-05,16.1336838663161,13.307,0.976938227746881,1097.22222222222,0,0,0,20
93,250,50,244,20,1,0.005,20.18,64.24,15.57,0.0358,18.97,62.47,2.14,0.01,16.3742,13.44,0.961792851565777,1097.22222222222,0,0,0,20
94,260,50,244,20,1,0.005,20.18,64.24,15.57,0.0752,18.33,61.67,3.2,0.03,16.6948,13.6,0.943509691468216,1097.22222222222,0,0,0,20
95,260,60,244,20,1,0.005,20.18,64.24,15.57,0.073,18.06,61.33,3.79,0.04,16.707,13.844,0.935450465999309,1097.22222222222,0,0,0,20
96,250,60,244,20,1,0.005,20.18,64.24,15.57,0.0336,18.85,62.29,2.47,0.01,16.3464,14.018,0.958015708758083,1097.22222222222,0,0,0,20
97,240,60,244,20,1,0.005,20.18,64.24,15.57,0.0146999853000147,19.4199805800194,62.979937020063,1.4999985000015,9.99999000001e-05,16.0852839147161,14.151,0.975288971480731,1097.22222222222,0,0,0,20
98,230,60,244,20,1,0.005,20.18,64.24,15.57,0.0065999934000066,19.7299802700197,63.4999365000635,0.8999991000009,9.99999000001e-05,15.8633841366159,14.339,0.985018206810867,1097.22222222222,0,0,0,20
99,240,60,244,20,1,0.005,20.18,64.24,15.57,0.014999985000015,19.3399806600193,63.0899369100631,1.47999852000148,9.99999000001e-05,16.0749839250161,14.563,0.97275248817099,1097.22222222222,0,0,0,20
100,250,60,244,20,1,0.005,20.18,64.24,15.57,0.0326,18.78,62.41,2.4,0.03,16.3474,14.702,0.955834728127385,1097.22222222222,0,0,0,20
101,260,60,244,20,1,0.005,20.18,64.24,15.57,0.0694,18.04,61.47,3.65,0.03,16.7406,14.881,0.934758204612017,1097.22222222222,0,0,0,20
102,230,30,240,20,1,0.005,16.42,67.78,15.79,0.004999995000005,15.999984000016,67.8099321900678,0.38999961000039,9.99999000001e-05,15.7949842050158,19.542,0.987498161494337,1097.22222222222,0,0,0,20
103,240,30,240,20,1,0.005,16.42,67.78,15.79,0.0112999887000113,15.7899842100158,67.5599324400676,0.64999935000065,9.99999000001e-05,15.988684011316,19.703,0.981616260267203,1097.22222222222,0,0,0,20
104,260,30,240,20,1,0.005,16.42,67.78,15.79,0.0542,15.18,66.92,1.5,0.06,16.2858,19.964,0.96560412819495,1097.22222222222,0,0,0,20
105,250,30,240,20,1,0.005,16.42,67.78,15.79,0.0251999748000252,15.5399844600155,67.2899327100673,1.03999896000104,9.99999000001e-05,16.1047838952161,20.117,0.974885871269762,1097.22222222222,0,0,0,20
106,240,30,240,20,1,0.005,16.42,67.78,15.79,0.0112999887000113,15.8899841100159,67.5499324500675,0.63999936000064,9.99999000001e-05,15.9086840913159,20.257,0.984495010073698,1097.22222222222,0,0,0,20
107,230,30,240,20,1,0.005,16.42,67.78,15.79,0.004999995000005,16.0799839200161,67.6099323900676,0.38999961000039,9.99999000001e-05,15.9149840850159,20.41,0.989827509951349,1097.22222222222,0,0,0,20
108,260,40,240,20,1,0.005,16.42,67.78,15.79,0.0502,14.88,66.31,2,0.01,16.7498,19.04,0.957233859331961,1097.22222222222,0,0,0,20
109,250,40,240,20,1,0.005,16.42,67.78,15.79,0.0241,15.36,67.02,1.36,0.02,16.2159,19.192,0.969785560970537,1097.22222222222,0,0,0,20
110,240,40,240,20,1,0.005,16.42,67.78,15.79,0.0107999892000108,15.7199842800157,67.3599326400674,0.83999916000084,9.99999000001e-05,16.0691839308161,19.332,0.979596839144188,1097.22222222222,0,0,0,20
111,230,40,240,20,1,0.005,16.42,67.78,15.79,0.004999995000005,15.9399840600159,67.5899324100676,0.50999949000051,9.99999000001e-05,15.954984045016,19.485,0.985758332109822,1097.22222222222,0,0,0,20
112,260,50,240,20,1,0.005,16.42,67.78,15.79,0.0536,14.4,66.19,2.7,0.03,16.6264,17.458,0.94439943285396,1097.22222222222,0,0,0,20
113,250,50,240,20,1,0.005,16.42,67.78,15.79,0.0234999765000235,15.0699849300151,66.9199330800669,1.73999826000174,9.99999000001e-05,16.2464837535162,17.625,0.961712002062653,1097.22222222222,0,0,0,20
114,240,50,240,20,1,0.005,16.42,67.78,15.79,0.0105999894000106,15.5299844700155,67.3399326600673,1.06999893000107,9.99999000001e-05,16.049383950616,17.765,0.974189916249267,1097.22222222222,0,0,0,20
115,230,50,240,20,1,0.005,16.42,67.78,15.79,0.0049,15.85,67.54,0.66,0.01,15.9351,17.925,0.983157173357231,1097.22222222222,0,0,0,20
116,230,60,240,20,1,0.005,16.42,67.78,15.79,0.0049,15.81,67.49,0.77,0.02,15.9051,18.008,0.982006780731956,1097.22222222222,0,0,0,20
117,240,60,240,20,1,0.005,16.42,67.78,15.79,0.0105,15.53,67.17,1.22,0.01,16.0595,18.217,0.97418708919166,1097.22222222222,0,0,0,20
118,250,60,240,20,1,0.005,16.42,67.78,15.79,0.0225,15.01,66.61,1.97,0.02,16.3675,18.357,0.960034317580611,1097.22222222222,0,0,0,20
119,260,60,240,20,1,0.005,16.42,67.78,15.79,0.0465,14.31,65.97,2.99,0.02,16.6635,18.531,0.941826700520432,1097.22222222222,0,0,0,20
120,230,30,238,20,1,0.005,11.34,72.91,15.74,0.003999996000004,11.0699889300111,72.5499274500726,0.3999996000004,9.99999000001e-05,15.975984024016,11.051,0.992909623387967,1097.22222222222,0,0,0,20
121,240,30,238,20,1,0.005,11.34,72.91,15.74,0.0084999915000085,10.8599891400109,72.4499275500724,0.63999936000064,9.99999000001e-05,16.041483958516,11.094,0.987695334960326,1097.22222222222,0,0,0,20
122,250,30,238,20,1,0.005,11.34,72.91,15.74,0.0177999822000178,10.5499894500105,72.3899276100724,0.98999901000099,9.99999000001e-05,16.0521839478161,11.974,0.980163419743255,1097.22222222222,0,0,0,20
123,260,30,238,20,1,0.005,11.34,72.91,15.74,0.0385,10.19,72.14,1.41,0.02,16.2015,12.008,0.971801415586538,1097.22222222222,0,0,0,20
124,230,40,238,20,1,0.005,11.34,72.91,15.74,0.0037999962000038,10.979989020011,72.5499274500725,0.51999948000052,9.99999000001e-05,15.9461840538159,11.003,0.990614155145811,1097.22222222222,0,0,0,20
125,240,40,238,20,1,0.005,11.34,72.91,15.74,0.0084999915000085,10.7299892700107,72.4299275700724,0.85999914000086,9.99999000001e-05,15.971484028516,11.128,0.984424945557353,1097.22222222222,0,0,0,20
126,250,40,238,20,1,0.005,11.34,72.91,15.74,0.0170999829000171,10.3299896700103,72.2499277500722,1.2999987000013,9.99999000001e-05,16.1028838971161,11.922,0.974708028920962,1097.22222222222,0,0,0,20
127,260,40,238,20,1,0.005,11.34,72.91,15.74,0.0369,9.82,71.9,1.93,0.01,16.3031,12.09,0.962805563098017,1097.22222222222,0,0,0,20
128,230,50,238,20,1,0.005,11.34,72.91,15.74,0.0037999962000038,10.8799891200109,72.5999274000726,0.64999935000065,9.99999000001e-05,15.8661841338159,10.963,0.988081664374351,1097.22222222222,0,0,0,20
129,240,50,238,20,1,0.005,11.34,72.91,15.74,0.0081999918000082,10.6099893900106,72.2899277100723,1.04999895000105,9.99999000001e-05,16.041783958216,11.16,0.981417812288925,1097.22222222222,0,0,0,20
130,250,50,238,20,1,0.005,11.34,72.91,15.74,0.0176,9.99,72.25,1.69,0.01,16.0424,10.331,0.966433622388254,1097.22222222222,0,0,0,20
131,250,50,238,20,1,0.005,11.34,72.91,15.74,0.0167999832000168,10.0999899000101,72.0899279100721,1.57999842000158,9.99999000001e-05,16.2131837868162,11.641,0.969079712761263,1097.22222222222,0,0,0,20
132,260,50,238,20,1,0.005,11.34,72.91,15.74,0.0353,9.5,71.47,2.41,0.05,16.5347,11.374,0.955153504165359,1097.22222222222,0,0,0,20
133,230,60,238,20,1,0.005,11.34,72.91,15.74,0.0042,10.79,72.49,0.79,0.01,15.9158,10.919,0.985823526110932,1097.22222222222,0,0,0,20
134,240,60,238,20,1,0.005,11.34,72.91,15.74,0.0080999919000081,10.3999896000104,72.3899276100724,1.1999988000012,9.99999000001e-05,16.001883998116,10.496,0.976209780283341,1097.22222222222,0,0,0,20
135,250,60,238,20,1,0.005,11.34,72.91,15.74,0.0170999829000171,9.7999902000098,72.039927960072,1.97999802000198,9.99999000001e-05,16.1628838371162,10.393,0.961851932040744,1097.22222222222,0,0,0,20
136,260,60,238,20,1,0.005,11.34,72.91,15.74,0.0362,9.04,71.37,2.94,0.04,16.5738,10.428,0.944438199776169,1097.22222222222,0,0,0,20
137,230,70,238,20,1,0.005,11.34,72.91,15.74,0.0040999959000041,10.7599892400108,72.4999275000725,0.90999909000091,9.99999000001e-05,15.8258841741158,11.201,0.985067247087489,1097.22222222222,0,0,0,20
138,240,70,238,20,1,0.005,11.34,72.91,15.74,0.0071999928000072,10.3899896100104,72.2299277700722,1.34999865000135,9.99999000001e-05,16.022783977216,11.245,0.975941095074086,1097.22222222222,0,0,0,20
139,250,70,238,20,1,0.005,11.34,72.91,15.74,0.0166,9.72,71.68,2.22,0.03,16.3334,11.296,0.959928868401576,1097.22222222222,0,0,0,20
140,260,70,238,20,1,0.005,11.34,72.91,15.74,0.0337,8.9,71.1,3.29,0.04,16.6363,11.339,0.941161000625817,1097.22222222222,0,0,0,20
141,210,20,66.79446565,20,0,22.58,0.005,67.72,9.69,21.7024338817082,0.375655737252019,65.8178230813322,0.958084508943655,1.32354273662157,9.82246005414234,0,0.981209441344845,870,0.00635,0.031576,0,20
142,220,20,66.79446565,20,0,22.59,0.005,67.71,9.69,21.3750169467957,0.627356905215191,65.2979158671034,1.11990754724614,1.73703335449706,9.84276937914248,0,0.978107773942604,870,0.00635,0.031576,0,20
143,230,20,66.79446565,20,0,22.58,0.005,67.79,9.61,20.8523773518817,1.10075331295005,64.7893373535429,1.1629693494446,2.25348977172874,9.84107286045203,0,0.977269974097942,870,0.00635,0.031576,0,20
144,240,20,66.79446565,20,0,22.56,0.005,67.87,9.56,20.0689924424454,1.7390627726084,63.8596411139297,1.36446306655382,3.09325888378712,9.87458172067558,0,0.97342029809806,870,0.00635,0.031576,0,20
145,250,20,66.79446565,20,0,22.55,0.005,67.8,9.64,19.3304986564098,2.69160759935845,63.5072472744972,0.978005773371461,3.65941828761062,9.83322240875242,0,0.980814171496811,870,0.00635,0.031576,0,20
146,260,20,66.79446565,20,0,22.55,0.005,67.8,9.64,18.8519345406634,3.31729326520996,63.3222045864915,0.705646293179635,4.01279998653718,9.79012132791832,0,0.986081339459882,870,0.00635,0.031576,0,20
147,210,30,65.77221235,20,0,22.24,0.005,66.51,11.24,21.1602003176952,0.435459666411429,64.115895883973,1.19843976834383,1.62365489554067,11.4663494680359,97.40471301,0.976603344606506,860,0.00635,0.031576,0,20
148,220,30,65.77221235,20,0,22.21,0.005,66.56,11.22,20.7266052793598,0.756446113648332,63.6002049350794,1.35494366469375,2.10111165275356,11.4606883544652,96.81048862,0.973634420925805,860,0.00635,0.031576,0,20
149,230,30,65.77221235,20,0,22.22,0.005,66.57,11.2,20.1458438028332,1.29852345859678,62.9213835971463,1.4312583348939,2.71949136362279,11.483499442907,96.21861649,0.972182729909861,860,0.00635,0.031576,0,20
150,240,30,65.77221235,20,0,22.25,0.005,66.49,11.25,19.3581693911009,2.13803083059032,62.062956693393,1.36904449498248,3.49680342767672,11.5749951622567,96.06312629,0.973343884278582,860,0.00635,0.031576,0,20
151,250,30,65.77221235,20,0,22.26,0.005,66.42,11.31,18.6128058206474,2.95960901309856,61.3679188839106,1.26702931408192,4.21638262706919,11.5762543411923,95.51606836,0.975291217560312,860,0.00635,0.031576,0,20
152,260,30,65.77221235,20,0,22.26,0.005,66.41,11.32,18.1851052828994,3.50280295587986,61.1623795509409,1.06987382773877,4.56245775260538,11.5173806299358,95.22901224,0.979061149215594,860,0.00635,0.031576,0,20
153,210,40,65.77221235,20,0,22.66,0.005,67.64,9.69,21.3748833411268,0.489058597604264,64.7317645380365,1.49892130605456,1.97767427364348,9.92769794353446,0,0.970910632269492,860,0.00635,0.031576,0,20
154,220,40,65.77221235,20,0,22.79,0.005,67.48,9.72,21.0138882994092,0.876019659231728,63.851884153976,1.70734196432708,2.57301195253997,9.97785397051599,0,0.967006836039171,860,0.00635,0.031576,0,20
155,230,40,65.77221235,20,0,22.82,0.005,67.47,9.7,20.3855185726009,1.45482442803729,63.0186109444099,1.83942191098833,3.28387412487248,10.0177500190911,0,0.964531740594059,860,0.00635,0.031576,0,20
156,240,40,65.77221235,20,0,22.37,0.005,66.76,10.86,19.3995966977083,2.094057119468,62.0061951246005,1.53410851515836,3.61787619658689,11.348166346478,0,0.970180907659417,860,0.00635,0.031576,0,20
157,250,40,65.77221235,20,0,22.26,0.005,66.51,11.23,18.575567320352,2.65778882388476,60.7416968854537,1.84932402641883,4.49674792880801,11.6788750150827,0,0.964315715710774,860,0.00635,0.031576,0,20
158,260,40,65.77221235,20,0,22.37,0.005,66.37,11.25,18.2859970198022,3.09182439944087,60.2546297545767,1.7975550558465,4.87902405918589,11.6909697111478,0,0.965282736879735,860,0.00635,0.031576,0,20
159,210,50,65.77221235,20,0,22.87,0.005,67.34,9.78,21.2908324027692,0.613633891433796,63.7618107202791,1.82607147176767,2.42933362466739,10.0783178890829,0,0.964787552910868,860,0.00635,0.031576,0,20
160,220,50,65.77221235,20,0,22.97,0.005,67.23,9.79,20.6345381192538,1.19137320207472,62.5123047475288,2.1551517436731,3.33608932213381,10.1705428653358,0,0.958696253843821,860,0.00635,0.031576,0,20
161,230,50,65.77221235,20,0,22.99,0.005,67.23,9.77,19.8509669851136,1.88040154058209,61.4711387435917,2.34760973396735,4.21754215356698,10.2323408431782,0,0.955151731689794,860,0.00635,0.031576,0,20
162,240,50,65.77221235,20,0,22.98,0.005,67.27,9.74,19.1825226870858,2.42245474157416,60.6172716119247,2.54412575935326,4.95607632381214,10.2775488762499,0,0.951559732258245,860,0.00635,0.031576,0,20
163,250,50,65.77221235,20,0,23.01,0.005,67.29,9.68,18.7590489653216,2.81126364852142,60.0485075193423,2.64210603830357,5.44285169436098,10.2962221341502,0,0.949760259909965,860,0.00635,0.031576,0,20
164,260,50,65.77221235,20,0,23.05,0.005,67.25,9.69,18.5227196958161,3.12734208097371,59.8065541606643,2.5664102993271,5.68325087463034,10.2937228885885,0,0.951123003122449,860,0.00635,0.031576,0,20
165,210,50,32.8861061666667,20,0,23.27,0.005,68.03,8.68,21.2652520150233,0.896378075598857,63.711014239166,2.12067682122655,3.00662435261929,9.00005449636594,0,0.959337177824679,860,0.00635,0.031576,0,20
166,220,50,32.8861061666667,20,0,23.31,0.005,68,8.68,20.6452712916432,1.42587409585102,62.7448024985042,2.35816390928948,3.77356231504754,9.05232588966456,0,0.954978356779108,860,0.00635,0.031576,0,20
167,230,50,32.8861061666667,20,0,23.35,0.005,67.97,8.66,19.9970369965162,1.96344467619883,61.7071934647982,2.63211292260635,4.58502994700924,9.1151819928712,0,0.949996200983379,860,0.00635,0.031576,0,20
168,240,50,32.8861061666667,20,0,23.37,0.005,67.98,8.64,19.4253854220775,2.34983904031739,60.6974668518522,3.00069741363081,5.33993939583186,9.18667187629023,0,0.943367350057255,860,0.00635,0.031576,0,20
169,250,50,32.8861061666667,20,0,23.32,0.005,68.03,8.64,19.0218774047774,2.6038477743185,60.1998766679229,3.18125638369068,5.77447107547048,9.21867069381998,0,0.940163045436499,860,0.00635,0.031576,0,20
170,260,50,32.8861061666667,20,0,23.29,0.005,68.06,8.64,18.7985829055237,2.91125150350974,60.2809505359258,2.95635011150842,5.85701526973037,9.195849673802,0,0.944147861586959,860,0.00635,0.031576,0,20
171,210,50,100.079323116667,20,0,23.24,0.005,68.07,8.68,21.7910571697137,0.579036124726146,64.8046804762817,1.66738952816406,2.23608695060091,8.92174975051349,0,0.967744703706364,810,0.00635,0.031576,0,20
172,220,50,100.079323116667,20,0,23.3,0.005,68.01,8.68,21.2307771977055,1.03593868370743,63.7784620714178,1.96771343022871,2.99325553336486,8.99385308357568,0,0.962146911347652,810,0.00635,0.031576,0,20
173,230,50,100.079323116667,20,0,23.34,0.005,67.99,8.67,20.5308147605163,1.63946268998339,62.7309903318372,2.20916515827697,3.83818697348143,9.05138008590465,0,0.957682374225244,810,0.00635,0.031576,0,20
174,240,50,100.079323116667,20,0,23.37,0.005,67.97,8.65,19.8368936654043,2.24752592273537,61.7419740530708,2.41867322564268,4.65571878361595,9.09921434953089,0,0.953843720508851,810,0.00635,0.031576,0,20
175,250,50,100.079323116667,20,0,23.35,0.005,68,8.64,19.2705805853719,2.71263733872242,61.06193951904,2.56257759435967,5.26470731513755,9.12755764736849,0,0.951224385814477,810,0.00635,0.031576,0,20
176,260,50,100.079323116667,20,0,23.3,0.005,68.06,8.63,18.9073450948696,3.0754135232869,60.9228690482563,2.45506042754947,5.51999011598193,9.11932179005576,0,0.953164839743558,810,0.00635,0.031576,0,20
177,210,50,132.86392895,20,0,22.87,0.005,67.34,9.78,21.754324677918,0.343725438290818,64.6218760078741,1.46566995225749,1.79909656184705,10.0153073618124,0,0.971537152529215,810,0.00635,0.031576,0,20
178,220,50,132.86392895,20,0,22.97,0.005,67.24,9.79,21.3986702040525,0.676707186655606,63.8006254157571,1.70415758678887,2.37051684699648,10.0493227597494,0,0.967062819873082,810,0.00635,0.031576,0,20
179,230,50,132.86392895,20,0,23,0.005,67.22,9.77,20.8277960463277,1.18531066567184,62.9865552228415,1.8591834183539,3.03411933820638,10.1070353085988,0,0.964159441576215,810,0.00635,0.031576,0,20
180,240,50,132.86392895,20,0,22.97,0.005,67.27,9.75,20.0184060966374,1.86505983942047,62.0577755708753,2.03182557191589,3.8864784089395,10.1404545122114,0,0.960952722130057,810,0.00635,0.031576,0,20
181,250,50,132.86392895,20,0,23,0.005,67.29,9.7,19.2848760305724,2.57418837027707,61.2013141439849,2.10446319306408,4.66823716629904,10.1669210958025,0,0.959585501022226,810,0.00635,0.031576,0,20
182,260,50,132.86392895,20,0,23.04,0.005,67.27,9.69,18.7661695070097,3.13346874435025,60.6205998492478,2.07293073211811,5.19599922962086,10.2108319376533,0,0.960136893623497,810,0.00635,0.031576,0,20
183,210,50,166.257536766667,20,0,23.24,0.005,68.07,8.68,22.2041603878217,0.37801465240198,65.6539939479475,1.28759088640856,1.65533897282059,8.82090115259968,0,0.974916814684305,860,0.00635,0.031576,0,20
184,220,50,166.257536766667,20,0,23.3,0.005,68.01,8.68,21.842795975956,0.717924408154554,64.9977942451282,1.43811451265898,2.14574341034731,8.85762744775495,0,0.97206326937597,860,0.00635,0.031576,0,20
185,230,50,166.257536766667,20,0,23.34,0.005,67.99,8.67,21.2759584754915,1.21362665243178,64.1371201394633,1.63504932099184,2.83834422419496,8.89990118742665,0,0.968349032002119,860,0.00635,0.031576,0,20
186,240,50,166.257536766667,20,0,23.37,0.005,67.97,8.65,20.5557812508087,1.86346356346845,63.1554306153814,1.81412804307898,3.6672266053253,8.94396992193715,0,0.964995121482389,860,0.00635,0.031576,0,20
187,250,50,166.257536766667,20,0,23.35,0.005,68,8.64,19.7533788016632,2.53775244223537,62.1815894152591,2.01739618670134,4.54474258123525,8.96514057290574,0,0.96122646667439,860,0.00635,0.031576,0,20
188,260,50,166.257536766667,20,0,23.3,0.005,68.06,8.63,19.1228178910894,3.06661514635935,61.5638769228049,2.09566490694419,5.15186173586708,8.99916339693505,0,0.959769609253606,860,0.00635,0.031576,0,20
189,220,50,167.130183,20,0,15.94,0.005,78,6.05,14.2310329107476,0.620257688080623,75.2436208191621,1.70688602705336,2.31676241317418,5.88144014178212,0,0.96711614721038,870,0.00635,0.031576,0,20
190,230,50,167.130183,20,0,16,0.005,77.72,6.27,13.7473576309908,1.02793599991955,74.3494109537508,1.96322393257922,2.980704893421,5.93136658933871,0,0.962444445822189,870,0.00635,0.031576,0,20
191,240,50,167.130183,20,0,16.04,0.005,77.75,6.19,13.0523404499846,1.55942437091831,73.3853923102539,2.25104610805157,3.79996405471508,5.95183270607658,0,0.957149148873879,870,0.00635,0.031576,0,20
192,250,50,167.130183,20,0,15.99,0.005,78.25,5.75,12.0616636038053,2.15530345038386,72.3999554598595,2.6524884634188,4.79724850410415,5.93334051842843,0,0.949684427727495,870,0.00635,0.031576,0,20
193,260,50,167.130183,20,0,15.92,0.005,78.3,5.76,11.4825074545195,2.56843785505352,71.8481626428943,2.7892175209584,5.34708402458032,5.96459050199397,0,0.947230634815109,870,0.00635,0.031576,0,20
194,210,50,166.952726833333,20,0,12.05,0.005,79.8,8.14,10.827740026934,0.281179898969529,77.8411409109372,1.2732589887948,1.54417174106889,8.23250843329568,0,0.975197413136007,860,0.00635,0.031576,0,20
195,220,50,166.952726833333,20,0,12.1,0.005,79.71,8.18,10.4163639417353,0.554835927655778,77.1359630693991,1.52596271644345,2.07047893923892,8.29639540552752,0,0.970426233364241,860,0.00635,0.031576,0,20
196,230,50,166.952726833333,20,0,12.13,0.005,79.68,8.18,9.85491039274887,0.929352998844213,76.3267717966361,1.81399134136996,2.73296686514584,8.34200660525498,0,0.96503983234025,860,0.00635,0.031576,0,20
197,240,50,166.952726833333,20,0,12.1,0.005,79.76,8.13,9.10066136254364,1.41586461184085,75.4731594855153,2.12299274498923,3.5284200994235,8.35890169568744,0,0.959318953968694,860,0.00635,0.031576,0,20
198,250,50,166.952726833333,20,0,12.03,0.005,79.76,8.2,8.43908481776848,1.81727113463719,74.7934271684684,2.38816250277185,4.19493154566886,8.36712283068519,0,0.954520250596654,860,0.00635,0.031576,0,20
199,260,50,166.952726833333,20,0,12.01,0.005,79.96,8.02,8.04187818663645,2.03095156373829,74.3675185422559,2.56855876876752,4.58899337034347,8.40209956825835,0,0.951153979084126,860,0.00635,0.031576,0,20
200,210,50,99.9686094333333,20,0,15.87,0.005,78.29,5.83,14.2901319139002,0.367082764265013,75.4301901280154,1.82650959651265,2.18321218176338,5.90287341554335,0,0.964807743797101,860,0.00635,0.031576,0,20
201,220,50,99.9686094333333,20,0,15.93,0.005,78.12,5.94,13.8407709071495,0.720715647116097,74.6109182937628,2.08173211919632,2.79200660026883,5.95385643250648,0,0.960124528036274,860,0.00635,0.031576,0,20
202,230,50,99.9686094333333,20,0,15.99,0.005,77.72,6.28,13.2453308676432,1.21816277620092,73.5110018694529,2.402262811788,3.60988449020415,6.0133571847108,0,0.954421012671776,860,0.00635,0.031576,0,20
203,240,50,99.9686094333333,20,0,16.04,0.005,77.66,6.29,12.546301781956,1.75182462232296,72.4537400970785,2.72573969939194,4.46695755155685,6.05543624769375,0,0.948603775536266,860,0.00635,0.031576,0,20
204,250,50,99.9686094333333,20,0,16,0.005,78.24,5.75,11.8495691927748,2.11989334345961,71.8516979193863,3.01703284771075,5.12631626276065,6.03549043390783,0,0.943128120545098,860,0.00635,0.031576,0,20
205,260,50,99.9686094333333,20,0,15.93,0.005,78.3,5.76,11.4611126857812,2.34362709171671,71.5088578850031,3.15380251075926,5.48679061735159,6.04580920938816,0,0.940712342880658,860,0.00635,0.031576,0,20
206,210,50,100.340275216667,20,0,12.05,0.005,79.8,8.14,10.3186654192641,0.422490485983151,77.0029092856957,1.75335018218341,2.16548038119523,8.33710424567841,0,0.966152478458666,860,0.00635,0.031576,0,20
207,220,50,100.340275216667,20,0,12.1,0.005,79.71,8.18,9.82683598642477,0.744359940462761,76.1891552422939,2.04953052711936,2.78346872814859,8.40664957555061,0,0.960668167915904,860,0.00635,0.031576,0,20
208,230,50,100.340275216667,20,0,12.13,0.005,79.68,8.18,9.17816986135309,1.16002627162019,75.2392449730779,2.39510753579833,3.54464508940471,8.48280626874581,0,0.95432983263267,860,0.00635,0.031576,0,20
209,240,50,100.340275216667,20,0,12.1,0.005,79.76,8.13,8.47737861299556,1.56420772454069,74.2357578264423,2.69153408556944,4.24522725980203,8.78589449064999,0,0.948803629129118,860,0.00635,0.031576,0,20
210,250,50,100.340275216667,20,0,12.03,0.005,79.76,8.2,8.04010606747966,1.78907861446894,73.8047867746025,2.88834082944742,4.6668567150863,8.81083099891517,0,0.945310707565894,860,0.00635,0.031576,0,20
211,260,50,100.340275216667,20,0,12.01,0.005,79.96,8.02,7.81157711536498,1.92757076941148,73.6313406013688,2.94644632956512,4.86346336002956,8.8196018242601,0,0.944162986324546,860,0.00635,0.031576,0,20
212,210,50,32.6633393333333,20,0,15.88,0.005,78.3,5.81,13.6239568629574,0.698412970950843,74.2998959143311,2.28911052525376,2.9770694494084,6.11155427709848,0,0.95620623152202,860,0.00635,0.031576,0,20
213,220,50,32.6633393333333,20,0,15.96,0.005,77.85,6.18,13.0286835044896,1.13355748023726,72.9349503133669,2.67786265085237,3.80087529474925,6.42407075630467,0,0.949209972266728,860,0.00635,0.031576,0,20
214,230,50,32.6633393333333,20,0,16.01,0.005,77.6,6.37,12.3954526796748,1.56927039938944,71.7986691019135,3.09821430269715,4.65683368000059,6.48155983632457,0,0.941823155042154,860,0.00635,0.031576,0,20
215,240,50,32.6633393333333,20,0,16.04,0.005,77.97,5.99,11.8394524774508,1.8261524428582,71.2330511630529,3.58552954036789,5.4009336128456,6.11488076342455,0,0.933282359772823,860,0.00635,0.031576,0,20
216,250,50,32.6633393333333,20,0,15.96,0.005,78.28,5.75,11.3924633227736,1.94079105639151,70.8039994303851,3.87998086665515,5.80999344136487,6.17277188242975,0,0.928005057090556,860,0.00635,0.031576,0,20
217,260,50,32.6633393333333,20,0,15.91,0.005,78.33,5.75,11.1553570999911,2.13378415566634,70.726230346515,3.88685758360115,6.00985279527298,6.08791801895343,0,0.927947395304317,860,0.00635,0.031576,0,20
218,210,50,33.3702183333333,20,0,12.06,0.005,79.78,8.15,9.82936409807357,0.613074016176968,76.244905513207,2.16782183991771,2.77044825049885,8.3743862821259,0,0.958501078165073,860,0.00635,0.031576,0,20
219,220,50,33.3702183333333,20,0,12.11,0.005,79.68,8.19,9.22626982551159,0.9800366545655,75.2578757476148,2.55395649473995,3.52346487952425,8.45839639804395,0,0.951483832617968,860,0.00635,0.031576,0,20
220,230,50,33.3702183333333,20,0,12.13,0.005,79.67,8.19,8.59401662472272,1.30259858174023,74.3101526175121,2.99067267471001,4.28265569806377,8.51990380325118,0,0.943654915439547,860,0.00635,0.031576,0,20
221,240,50,33.3702183333333,20,0,12.08,0.005,79.65,8.26,8.03601126123103,1.45657073676357,73.4022390792636,3.4308349554164,4.87671634813249,8.79762761919295,0,0.935808316391067,860,0.00635,0.031576,0,20
222,250,50,33.3702183333333,20,0,12.02,0.005,79.78,8.19,7.71513348786564,1.55346328240992,73.2020664618253,3.65601113324628,5.1987307681886,8.67459486646428,0,0.931940969875043,860,0.00635,0.031576,0,20
223,260,50,33.3702183333333,20,0,12,0.005,79.93,8.06,7.59969237331642,1.70639886268082,73.2944869882182,3.5716626204436,5.2673389570158,8.56042019832512,0,0.933380201936267,860,0.00635,0.031576,0,20
224,178.3262775,40,96.22,16.88,0,25,0.005,74.989999,1e-06,24.2796935337838,0.122014424732682,73.6806270356008,0.822651651134325,1.0950123739251,9.80823349941172e-07,0,0.982359461102471,775.66,0.003,0.28,92.71,17.16
225,188.7306227,40,97.83,19.4,0,25,0.005,74.989999,1e-06,24.0189020146775,0.259411443646351,72.9894077920303,1.13725846098377,1.59501931598486,9.72677212503542e-07,0,0.973338678317887,775.66,0.003,0.28,92.62,21.8
226,199.0849104,40,96.65,19.48,0,25,0.005,74.989999,1e-06,23.2303552451079,0.597013583766088,72.1555224518475,1.61839099740801,2.39871676204151,9.59828912807215e-07,0,0.970814504420674,775.66,0.003,0.28,90.06,20.58
227,209.3466661,40,96.53,19.59,0,25,0.005,74.989999,1e-06,22.7345750909099,1.08724040747649,70.7208286300041,2.10302939673036,3.3543255294527,9.45426441283905e-07,0,0.966557670264398,775.66,0.003,0.28,88.21,20.81
228,219.5944231,40,98.41,20.07,0,24.9,0.005,75.089999,1e-06,21.6651806023937,1.76573845265631,70.0933633949666,2.33057337465012,4.14514324009047,9.35242824500166e-07,0,0.950919366476498,775.66,0.003,0.28,87.52,20.35
229,230.0100598,40,95.57,18.21,0,25,0.005,74.989999,1e-06,20.8525827451562,2.21650561137471,68.5712809069044,2.99093765158814,5.36869216857284,9.16403692634353e-07,0,0.956489262295402,775.66,0.003,0.28,83.77,21.47
230,240.1736824,40,95.43,17.68,0,25,0.005,74.989999,1e-06,20.7064300288804,2.36115579769808,67.9280900520278,3.2582793704303,5.74604384100667,9.09956758786063e-07,0,0.954545117807581,775.66,0.003,0.28,82.89,19.3
231,250.3229075,40,95.5,19.93,0,25,0.005,74.989999,1e-06,20.3820054091955,2.57764024728609,67.9592019074876,3.22415619083065,5.85699533601172,9.09188475639692e-07,0,0.963174115979185,775.66,0.003,0.28,83.63,25.43
232,219.699938,20,98.56,18.73,0,25,0.005,74.989999,1e-06,22.3521892310901,1.73848772417035,71.205476318343,1.43931465733637,3.26453111609869,9.52961532736034e-07,0,0.969827817963042,775.66,0.003,0.28,91.09,20.46
233,219.4956623,30,97.82,16.8,0,25,0.005,74.989999,1e-06,21.9722369061231,1.76547235626278,70.4057534509282,2.02255947071361,3.83397687453773,9.4143462713314e-07,0,0.963284900138758,775.66,0.003,0.28,88.71,16.96
234,219.8184886,50,97.28,16.91,0,25,0.005,74.989999,1e-06,21.4753280208881,1.7538109408535,68.7812981010306,3.06468679089815,4.92487522622524,9.20104370627722e-07,0,0.95924651166758,775.66,0.003,0.28,85.86,18.94
